feature,importance
Total_Bill_Amount,0.1737056997961679
Tenure_Months,0.17324297862504892
Age,0.15097762728166114
Satisfaction_Score,0.14795469636091563
Visits_Last_Year,0.14626297981506917
Missed_Appointments,0.13087341506177325
Chronic_Disease_Yes,0.02931349130475453
Gender_Male,0.026533863554335523
Insurance_Type_Private,0.02113524820027393
